<?xml version="1.0" encoding="UTF-8"?>
<!DOCTYPE mapper PUBLIC "-//mybatis.org//DTD Mapper 3.0//EN" "http://mybatis.org/dtd/mybatis-3-mapper.dtd">

<mapper namespace="certi">
	   
    <select id="certiBoardSearch" parameterType="hashmap" resultType="hashmap">
    <include refid="common.certi_pagingPre"/>
    <![CDATA[
             SELECT
	         SEQ_NO,
             cooperative_name,
             biz_detail,
             s_agree,
             ch_money,
             su_date,
             area,
             upjong,
             c_type,
             zip_num,
             cooperative_addr,
             ceo_name,
             p_number,
             c_number,
             e_mail,
             homepage,
             req_date,
             CONTENTS			 
             FROM CooperBoard
             WHERE
              cooperative_name like '%${cooperative_name}%'
              AND DEL_GB = 'N'
             ORDER BY req_date DESC
			 ]]>
    <include refid="common.certi_SearchpagingPost"/>
    </select>
    
    <select id="certiBoardList" parameterType="hashmap" resultType="hashmap">
    <include refid="common.certi_pagingPre"/>
    <![CDATA[
             SELECT
	         SEQ_NO,
             company_name,
             company_address,
             company_zip,
             cc_area,
             ca_area,
             cert_num,
             spt,
             ji_date,
             m_cert,
             company_type,
             se_area_type,
             se_bu_type,
             jojik_type,
             es_date,
             bm_number,
             company_bnum,
             company_jnum,
             uniq_num,
             cr_num,
             sud_nm,
             sud_num,
             biz_detail,
             item_gubun,
             item_dru,
             item_jru,
             industry_bunryu,
             ceo_nm,
             ceo_birth,
             pic,
             c_pos,
             hp_number,
             areap_number,
             fax_number,
             email,
             homepage,
             req_date			 
             FROM Certified_Company
             WHERE
             DEL_GB = 'N'
             ORDER BY req_date DESC
			 ]]>
    <include refid="common.certi_pagingPost"/>
    </select>
    <insert id="insertCerti_company" parameterType="hashmap" useGeneratedKeys="true" keyProperty="SEQ_NO">
    
        INSERT INTO Certified_Company
        (
            company_name,
            company_address,
            company_zip,
            cc_area,
            ca_area,
            cert_num,
            spt,
            ji_date,
            m_cert,
            company_type,
            se_area_type,
            se_bu_type,
            jojik_type,
            es_date,
            bm_number,
            company_bnum,
            company_jnum,
            uniq_num,
            cr_num,
            sud_nm,
            sud_num,
            biz_detail,
            item_gubun,
            item_dru,
            item_jru,
            industry_bunryu,
            ceo_nm,
            ceo_birth,
            pic,
            c_pos,
            hp_number,
            areap_number,
            fax_number,
            email,
            homepage,
            req_date
        )
        VALUES
            ("${company_name}",
             "${company_address}",
             "${company_zip}",
             "${cc_area}",
             "${ca_area}",
             "${cert_num}",
             "${spt}",
             "${ji_date}",
             "${m_cert}",
             "${company_type}",
             "${se_area_type}",
             "${se_bu_type}",
             "${jojik_type}",
             "${es_date}",
             "${bm_number}",
             "${company_bnum}",
             "${company_jnum}",
             "${uniq_num}",
             "${cr_num}",
             "${sud_nm}",
             "${sud_num}",
             "${biz_detail}",
             "${item_gubun}",
             "${item_dru}",
             "${item_jru}",
             "${industry_bunryu}",
             "${ceo_nm}",
             "${ceo_birth}",
             "${pic}",
             "${c_pos}",
             "${hp_number}",
             "${areap_number}",
             "${fax_number}",
             "${email}",
             "${homepage}",
             NOW())    
      </insert>
      <select id="selectCertiDetail" parameterType="hashmap" resultType="hashmap">
    <![CDATA[
        SELECT
             SEQ_NO,
             company_name,
             company_address,
             company_zip,
             cc_area,
             ca_area,
             cert_num,
             spt,
             ji_date,
             m_cert,
             company_type,
             se_area_type,
             se_bu_type,
             jojik_type,
             es_date,
             bm_number,
             company_bnum,
             company_jnum,
             uniq_num,
             cr_num,
             sud_nm,
             sud_num,
             biz_detail,
             item_gubun,
             item_dru,
             item_jru,
             industry_bunryu,
             ceo_nm,
             ceo_birth,
             pic,
             c_pos,
             hp_number,
             areap_number,
             fax_number,
             email,
             homepage,
             req_date			 
             FROM Certified_Company
        WHERE
            SEQ_NO = #{SEQ_NO}
        AND
            DEL_GB = 'N'       
    ]]>
      </select>
      <update id="updateCerti_company" parameterType="hashmap">
    
        UPDATE CooperBoard
        SET
            cooperative_name = "${cooperative_name}",
            biz_detail = "${biz_detail}",
            s_agree = "${s_agree}",
            ch_money = "${ch_money}",
            su_date = "${su_date}",
            area = "${area}",
            upjong = "${upjong}",
            c_type = "${c_type}",
            zip_num = "${zipNo}",
            cooperative_addr = "${roadFullAddr}",
            ceo_name = "${ceo_name}",
            p_number = "${p_number}",
            c_number = "${c_number}",
            e_mail = "${e_mail}",
            homepage = "${homepage}",
            req_date = NOW(),
            CONTENTS = '${contents}'
        WHERE
            SEQ_NO = "${SEQ_NO}"   
    
     </update>
     <update id="deleteCerti_company" parameterType="hashmap">
         <![CDATA[
             UPDATE CooperBoard
             SET
                 DEL_GB = 'Y'
             WHERE
                 SEQ_NO = #{SEQ_NO}
         ]]>
     </update>

</mapper>