<?xml version="1.0" encoding="UTF-8"?>
<!DOCTYPE mapper PUBLIC "-//mybatis.org//DTD Mapper 3.0//EN" "http://mybatis.org/dtd/mybatis-3-mapper.dtd">

<mapper namespace="service">
	   
    <select id="serviceBoardSearch" parameterType="hashmap" resultType="hashmap">
    <include refid="common.service_pagingPre"/>
    <![CDATA[
             SELECT
	         SEQ_NO,
             SERVICE_NAME,
             PAY,
             BUNRYU,
             MAKE_COMPANY,
             CELLER,
             SHOP_INFO,
             AREA,
             C_NUMBER,
             HOMEPAGE,
             CERTI,
             BIGO,
             CONTENTS,
             REQ_DATE			 
             FROM ServiceBoard
             WHERE
              SERVICE_NAME like '%${SERVICE_NAME}%'
              AND DEL_GB = 'N'
             ORDER BY REQ_DATE DESC
			 ]]>
    <include refid="common.service_SearchpagingPost"/>
    </select>
    
    <select id="serviceBoardList" parameterType="hashmap" resultType="hashmap">
    <include refid="common.service_pagingPre"/>
    <![CDATA[
             SELECT
	         SEQ_NO,
             SERVICE_NAME,
             PAY,
             BUNRYU,
             MAKE_COMPANY,
             CELLER,
             SHOP_INFO,
             AREA,
             C_NUMBER,
             HOMEPAGE,
             CERTI,
             BIGO,
             CONTENTS,
             REQ_DATE			 
             FROM ServiceBoard
             WHERE
             DEL_GB = 'N'
             ORDER BY REQ_DATE DESC
			 ]]>
    <include refid="common.service_pagingPost"/>
    </select>
    <insert id="insertService" parameterType="hashmap" useGeneratedKeys="true" keyProperty="SEQ_NO">
    
        INSERT INTO ServiceBoard
        (
            SERVICE_NAME,
            PAY,
            BUNRYU,
            MAKE_COMPANY,
            CELLER,
            SHOP_INFO,
            AREA,
            C_NUMBER,
            HOMEPAGE,
            CERTI,
            BIGO,
            CONTENTS,
            REQ_DATE
        )
        VALUES
           ("${SERVICE_NAME}",
            "${PAY}",
            "${BUNRYU}",
            "${MAKE_COMPANY}",
            "${CELLER}",
            "${SHOP_INFO}",
            "${AREA}",
            "${C_NUMBER}",
            "${HOMEPAGE}",
            <foreach collection="CERTI" item="CERTI" separator="," open='"' close='"'>
            ${CERTI}
            </foreach>,               
            "${BIGO}",
            #{contents},
            NOW())
        
      </insert>
      <select id="selectServiceDetail" parameterType="hashmap" resultType="hashmap">
    <![CDATA[
        SELECT
            SEQ_NO,
            SERVICE_NAME,
            PAY,
            BUNRYU,
            MAKE_COMPANY,
            CELLER,
            SHOP_INFO,
            AREA,
            C_NUMBER,
            HOMEPAGE,
            CERTI,
            BIGO,
            CONTENTS,
            REQ_DATE
        FROM
            ServiceBoard
        WHERE
            SEQ_NO = #{SEQ_NO}       
    ]]>
      </select>
      <update id="updateService" parameterType="hashmap">
    
        UPDATE ServiceBoard
        SET
            SERVICE_NAME = "${SERVICE_NAME}",
            PAY = "${PAY}",
            BUNRYU = "${BUNRYU}",
            MAKE_COMPANY = "${MAKE_COMPANY}",
            CELLER = "${CELLER}",
            SHOP_INFO = "${SHOP_INFO}",
            AREA = "${AREA}",
            C_NUMBER = "${C_NUMBER}",
            HOMEPAGE = "${HOMEPAGE}",
            CERTI = 
            <foreach collection="CERTI" item="CERTI" separator="," open='"' close='"'>
            ${CERTI}
            </foreach>,
            BIGO = "${BIGO}",
            CONTENTS = #{contents}
        WHERE
            SEQ_NO = "${SEQ_NO}"   
    
     </update>
     <update id="deleteService" parameterType="hashmap">
         <![CDATA[
             UPDATE ServiceBoard
             SET
                 DEL_GB = 'Y'
             WHERE
                 SEQ_NO = #{SEQ_NO}
         ]]>
     </update>

</mapper>