<?xml version="1.0" encoding="UTF-8"?>
<!DOCTYPE mapper PUBLIC "-//mybatis.org//DTD Mapper 3.0//EN" "http://mybatis.org/dtd/mybatis-3-mapper.dtd">

<mapper namespace="startupTeam">
	   
    <select id="startupTeamBoardSearch" parameterType="hashmap" resultType="hashmap">
    <include refid="common.startupTeam_pagingPre"/>
    <![CDATA[
             SELECT
	         SEQ_NO,
             c_year,
             team_name,
             area,
             jisok_sts,
             company_name,
             company_type,
             company_sa_number,
             company_item,
             jijung_sts,
             jijung_jijache,
             jijung_ym,
             ceo_name,
             hp_number,
             e_mail,
             req_date,
             CONTENTS			 
             FROM StartupTeamBoard
             WHERE
              company_name like '%${company_name}%'
              AND DEL_GB = 'N'
             ORDER BY req_date DESC
			 ]]>
    <include refid="common.startupTeam_SearchpagingPost"/>
    </select>
    
    <select id="startupTeamBoardList" parameterType="hashmap" resultType="hashmap">
    <include refid="common.startupTeam_pagingPre"/>
    <![CDATA[
             SELECT
	         SEQ_NO,
             c_year,
             team_name,
             area,
             jisok_sts,
             company_name,
             company_type,
             company_sa_number,
             company_item,
             jijung_sts,
             jijung_jijache,
             jijung_ym,
             ceo_name,
             hp_number,
             e_mail,
             DEL_GB,
             req_date,
             CONTENTS			 
             FROM StartupTeamBoard
             WHERE
             DEL_GB = 'N'
             ORDER BY req_date DESC
			 ]]>
    <include refid="common.startupTeam_pagingPost"/>
    </select>
    <insert id="insertStartupTeam" parameterType="hashmap" useGeneratedKeys="true" keyProperty="SEQ_NO">
    
        INSERT INTO StartupTeamBoard
        (
             c_year,
             team_name,
             area,
             jisok_sts,
             company_name,
             company_type,
             company_sa_number,
             company_item,
             jijung_sts,
             jijung_jijache,
             jijung_ym,
             ceo_name,
             hp_number,
             e_mail,
             req_date,
             CONTENTS
        )
        VALUES
            ("${c_year}",
             "${team_name}",
             "${area}",
             "${jisok_sts}",
             "${company_name}",
             "${company_type}",
             "${company_sa_number}",
             "${company_item}",
             "${jijung_sts}",
             "${jijung_jijache}",
             "${jijung_ym}",
             "${ceo_name}",
             "${hp_number}",
             "${e_mail}",
             NOW(),
             "${contents}")      
      </insert>
      <select id="selectStartupTeamDetail" parameterType="hashmap" resultType="hashmap">
    <![CDATA[
        SELECT
             SEQ_NO,
             c_year,
             team_name,
             area,
             jisok_sts,
             company_name,
             company_type,
             company_sa_number,
             company_item,
             jijung_sts,
             jijung_jijache,
             jijung_ym,
             ceo_name,
             hp_number,
             e_mail,
             DEL_GB,
             req_date,
             CONTENTS			 
             FROM StartupTeamBoard
        WHERE
            SEQ_NO = #{SEQ_NO}
        AND
            DEL_GB = 'N'       
    ]]>
      </select>
      <update id="updateStartupTeam" parameterType="hashmap">
    
        UPDATE StartupTeamBoard
        SET
            c_year = "${c_year}",
            team_name = "${team_name}",
            area = "${area}",
            jisok_sts = "${jisok_sts}",
            company_name = "${company_name}",
            company_sa_number = "${company_sa_number}",
            company_item = "${company_item}",
            jijung_sts = "${jijung_sts}",
            jijung_jijache = "${jijung_jijache}",
            jijung_ym = "${jijung_ym}",
            ceo_name = "${ceo_name}",
            hp_number = "${hp_number}",
            e_mail = "${e_mail}",
            req_date = NOW(),
            CONTENTS = "${contents}"
        WHERE
            SEQ_NO = "${SEQ_NO}"   
    
     </update>
     <update id="deleteStartupTeam" parameterType="hashmap">
         <![CDATA[
             UPDATE StartupTeamBoard
             SET
                 DEL_GB = 'Y'
             WHERE
                 SEQ_NO = #{SEQ_NO}
         ]]>
     </update>

</mapper>