<?xml version="1.0" encoding="UTF-8"?>
<beans 
    xmlns="http://www.springframework.org/schema/beans"
    xmlns:aop="http://www.springframework.org/schema/aop"
    xmlns:context="http://www.springframework.org/schema/context"
    xmlns:security="http://www.springframework.org/schema/security"
    xmlns:tx="http://www.springframework.org/schema/tx"
    xsi:schemaLocation="
        http://www.springframework.org/schema/aop http://www.springframework.org/schema/aop/spring-aop-3.0.xsd
        http://www.springframework.org/schema/beans http://www.springframework.org/schema/beans/spring-beans-3.0.xsd
        http://www.springframework.org/schema/context http://www.springframework.org/schema/context/spring-context-3.0.xsd
        http://www.springframework.org/schema/security http://www.springframework.org/schema/security/spring-security-3.0.xsd
        http://www.springframework.org/schema/tx http://www.springframework.org/schema/tx/spring-tx-3.0.xsd"
    xmlns:xsi="http://www.w3.org/2001/XMLSchema-instance">
                       
    <context:component-scan base-package="first">
        <context:exclude-filter type="annotation" expression="org.springframework.stereotype.Controller"/>
    </context:component-scan>
    
    <!-- 전자정부프레임워크 페이징 설정 -->
    <bean id="textRenderer" class="egovframework.rte.ptl.mvc.tags.ui.pagination.DefaultPaginationRenderer"/>  
    <bean id="paginationManager" class="egovframework.rte.ptl.mvc.tags.ui.pagination.DefaultPaginationManager">
        <property name="rendererType">
            <map>
                <entry key="text" value-ref="textRenderer"/>
            </map>
        </property>
    </bean>
                         
    <!-- MultipartResolver 설정 -->
    <bean id="multipartResolver" class="org.springframework.web.multipart.commons.CommonsMultipartResolver">
        <property name="maxUploadSize" value="100000000" />
        <property name="maxInMemorySize" value="100000000" />
    </bean>
</beans>